id;token;expiration_date;salt;refresh_token
1;Operations;2020-11-08T01:53:19;access violet;protocol
2;Customer stable;2020-11-08T01:43:10;Keyboard International harness;Music Soap drive
3;asymmetric Account;2020-11-07T15:56:08;Liechtenstein;firmware Frozen
4;China Tools;2020-11-07T20:25:12;payment 24/7 azure;Music Mills
5;executive;2020-11-07T18:57:42;Business-focused ubiquitous;Soap bricks-and-clicks
6;ubiquitous quantify Washington;2020-11-07T17:36:57;Hat Toys French;Keyboard bluetooth
7;quantifying Intranet solution;2020-11-08T06:28:06;Health application;Strategist Swaziland
8;USB CSS;2020-11-07T17:33:18;Executive;connect Pre-emptive Analyst
9;Interface Brand Market;2020-11-07T23:34:50;project purple Ergonomic;black Som Strategist
10;technologies Movies dot-com;2020-11-08T00:58:17;e-business;Frozen synergies Bosnia
